<?xml version="1.0" encoding="UTF-8"?>
<DefaultAssociations>
  <Association Identifier=".doc" ProgId="Word.Document.8" ApplicationName="Word" />
  <Association Identifier=".docx" ProgId="Word.Document.12" ApplicationName="Word" />
  <Association Identifier=".eml" ProgId="Outlook.File.eml.15" ApplicationName="Outlook" />
  <Association Identifier=".pdf" ProgId="Acrobat.Document.DC" ApplicationName="Adobe Acrobat DC" />
  <Association ApplicationName="Microsoft Edge" ProgId="MSEdgeHTM" Identifier=".html"/>
  <Association ApplicationName="Microsoft Edge" ProgId="MSEdgeHTM" Identifier=".htm"/>
  <Association ApplicationName="Microsoft Edge" ProgId="MSEdgeHTM" Identifier="http"/>
  <Association ApplicationName="Microsoft Edge" ProgId="MSEdgeHTM" Identifier="https"/>
  <Association Identifier="mailto" ProgId="Outlook.URL.mailto.15" ApplicationName="Outlook" />
</DefaultAssociations>
